,Fx,Mres,Fres,elementIndex,modelName,combCase
0,-2422.025876953125,299.5861278369081,37.8634542100906,99,models\SP model_03_+Fy_+Fz.gwb,C07
1,-2447.764525390625,261.7815520690385,37.8634542100906,99,models\SP model_03_+Fy_+Fz.gwb,C07
2,-2419.053873046875,318.9532789184795,38.254699622122665,99,models\SP model_03_+Fy_+Fz.gwb,C08
3,-2444.792521484375,280.70839999149615,38.254699622122665,99,models\SP model_03_+Fy_+Fz.gwb,C08
4,-2447.7726953125,261.7818555867122,40.27842669189468,100,models\SP model_03_+Fy_+Fz.gwb,C07
5,-2473.5113515625,221.5394870499488,40.27842669189468,100,models\SP model_03_+Fy_+Fz.gwb,C07
6,-2444.798162109375,280.7085928856161,41.46597738294521,100,models\SP model_03_+Fy_+Fz.gwb,C08
7,-2470.536818359375,239.24736157790332,41.46597738294521,100,models\SP model_03_+Fy_+Fz.gwb,C08
8,-2473.515353515625,221.53948317101933,40.85467106751499,101,models\SP model_03_+Fy_+Fz.gwb,C07
10,-2470.5409589843753,239.2472050034242,42.58227734018506,101,models\SP model_03_+Fy_+Fz.gwb,C08
29,-2627.939978515625,7.139731202143998,34.901977369041795,106,models\SP model_03_+Fy_+Fz.gwb,C07
31,-2624.9657246093752,2.8815218587852933,37.275086478376004,106,models\SP model_03_+Fy_+Fz.gwb,C08
32,-2627.9482734375,7.139744191038936,15.231763186817144,107,models\SP model_03_+Fy_+Fz.gwb,C07
34,-2624.973740234375,2.881513705943611,17.217680526273217,107,models\SP model_03_+Fy_+Fz.gwb,C08
49,-2756.6356796875,10.218268153865287,6.011509399334884,111,models\SP model_03_+Fy_+Fz.gwb,C07
51,-2753.663396484375,10.477812312505367,5.866488595988674,111,models\SP model_03_+Fy_+Fz.gwb,C08
52,-2756.6301230468753,10.218260999745297,4.988336941589914,112,models\SP model_03_+Fy_+Fz.gwb,C07
53,-2782.368779296875,5.23789406523319,4.988336941589914,112,models\SP model_03_+Fy_+Fz.gwb,C07
54,-2753.655869140625,10.477809813924239,5.0251221797217775,112,models\SP model_03_+Fy_+Fz.gwb,C08
55,-2779.394525390625,5.463670031222897,5.0251221797217775,112,models\SP model_03_+Fy_+Fz.gwb,C08
56,-2782.379275390625,5.237898078020943,3.466305968333627,113,models\SP model_03_+Fy_+Fz.gwb,C07
57,-2808.117931640625,1.7736359353995754,3.466305968333627,113,models\SP model_03_+Fy_+Fz.gwb,C07
58,-2779.4071308593752,5.4636684603713475,3.5856125238195045,113,models\SP model_03_+Fy_+Fz.gwb,C08
59,-2805.145787109375,1.8806730779468432,3.5856125238195045,113,models\SP model_03_+Fy_+Fz.gwb,C08
60,-2808.1171171875,1.773638015315255,1.7736378069253418,114,models\SP model_03_+Fy_+Fz.gwb,C07
61,-2833.8557734375,1.7527019635057231e-06,1.7736378069253418,114,models\SP model_03_+Fy_+Fz.gwb,C07
62,-2805.142724609375,1.8806752138475373,1.8806733709696064,114,models\SP model_03_+Fy_+Fz.gwb,C08
63,-2830.881380859375,3.3596929802365743e-06,1.8806733709696064,114,models\SP model_03_+Fy_+Fz.gwb,C08
113,-3179.755310974121,12.582434669169496,6.97907246945811,145,models\SP model_03_+Fy_+Fz.gwb,C07
115,-3180.558416320801,13.164520719409023,7.035567156913363,145,models\SP model_03_+Fy_+Fz.gwb,C08
116,-3179.764146911621,12.582424348691392,5.983884193821233,146,models\SP model_03_+Fy_+Fz.gwb,C07
117,-3205.502803161621,6.609690625089907,5.983884193821233,146,models\SP model_03_+Fy_+Fz.gwb,C07
118,-3180.5647544250487,13.164509964871753,6.184592261567579,146,models\SP model_03_+Fy_+Fz.gwb,C08
119,-3206.303410675049,6.98932034314466,6.184592261567579,146,models\SP model_03_+Fy_+Fz.gwb,C08
120,-3205.496858093262,6.609692057747857,4.318534937159711,147,models\SP model_03_+Fy_+Fz.gwb,C07
121,-3231.235514343262,2.2934622681788106,4.318534937159711,147,models\SP model_03_+Fy_+Fz.gwb,C07
122,-3206.299824737549,6.98932030634617,4.5435785687870975,147,models\SP model_03_+Fy_+Fz.gwb,C08
123,-3232.038480987549,2.4476139518817415,4.5435785687870975,147,models\SP model_03_+Fy_+Fz.gwb,C08
124,-3231.230217224121,2.2934613397272137,2.2934624819816283,148,models\SP model_03_+Fy_+Fz.gwb,C07
125,-3256.968873474121,1.024136003911422e-06,2.2934624819816283,148,models\SP model_03_+Fy_+Fz.gwb,C07
126,-3232.033324737549,2.4476143983754257,2.447613313053394,148,models\SP model_03_+Fy_+Fz.gwb,C08
127,-3257.771980987549,2.1722472033880927e-06,2.447613313053394,148,models\SP model_03_+Fy_+Fz.gwb,C08
177,-3476.01555859375,13.329318465527967,8.029231932825928,179,models\SP model_03_+Fy_+Fz.gwb,C07
180,-3476.0118398437503,13.32931710555627,6.511102184495336,180,models\SP model_03_+Fy_+Fz.gwb,C07
181,-3501.75049609375,6.846632152713138,6.511102184495336,180,models\SP model_03_+Fy_+Fz.gwb,C07
183,-3506.786646484375,7.349608021440701,6.835187921909244,180,models\SP model_03_+Fy_+Fz.gwb,C08
184,-3501.75426171875,6.846627700442211,4.520754240480685,181,models\SP model_03_+Fy_+Fz.gwb,C07
185,-3527.49291796875,2.3322287051757926,4.520754240480685,181,models\SP model_03_+Fy_+Fz.gwb,C07
186,-3506.795193359375,7.34960194867073,4.82810572813673,181,models\SP model_03_+Fy_+Fz.gwb,C08
187,-3532.533849609375,2.527499747307218,4.82810572813673,181,models\SP model_03_+Fy_+Fz.gwb,C08
188,-3527.48599609375,2.332229243272765,2.3322247657440838,182,models\SP model_03_+Fy_+Fz.gwb,C07
189,-3553.22465234375,5.081601438561414e-06,2.3322247657440838,182,models\SP model_03_+Fy_+Fz.gwb,C07
190,-3532.524818359375,2.5275011023595386,2.5274951768048703,182,models\SP model_03_+Fy_+Fz.gwb,C08
191,-3558.263474609375,6.8724564612475405e-06,2.5274951768048703,182,models\SP model_03_+Fy_+Fz.gwb,C08
245,-3496.232244140625,8.076781833881867,8.134059729310376,214,models\SP model_03_+Fy_+Fz.gwb,C07
247,-3486.01603515625,8.443660120846829,8.31641641259124,214,models\SP model_03_+Fy_+Fz.gwb,C08
248,-3496.242728515625,8.076779975466037,5.407320193649665,215,models\SP model_03_+Fy_+Fz.gwb,C07
249,-3521.981384765625,2.678038813889099,5.407320193649665,215,models\SP model_03_+Fy_+Fz.gwb,C07
250,-3486.02595703125,8.443655227411803,5.621729492732082,215,models\SP model_03_+Fy_+Fz.gwb,C08
251,-3511.76461328125,2.830925266601253,5.621729492732082,215,models\SP model_03_+Fy_+Fz.gwb,C08
252,-3521.976009765625,2.678030890223632,2.678029622643335,216,models\SP model_03_+Fy_+Fz.gwb,C07
253,-3547.714666015625,1.1542217988536362e-06,2.678029622643335,216,models\SP model_03_+Fy_+Fz.gwb,C07
254,-3511.75769140625,2.8309135911363468,2.8309128538875163,216,models\SP model_03_+Fy_+Fz.gwb,C08
255,-3537.4963476562502,6.344180489772408e-07,2.8309128538875163,216,models\SP model_03_+Fy_+Fz.gwb,C08
309,-3254.469837890625,8.461171309206556,8.797073395970779,248,models\SP model_03_+Fy_+Fz.gwb,C07
311,-3223.116064453125,8.671351104810677,8.8345521534416,248,models\SP model_03_+Fy_+Fz.gwb,C08
312,-3254.464583984375,8.46117273287594,5.709616544555817,249,models\SP model_03_+Fy_+Fz.gwb,C07
313,-3280.2032402343752,2.7615861320422423,5.709616544555817,249,models\SP model_03_+Fy_+Fz.gwb,C07
314,-3223.110271484375,8.671354222021575,5.82015797384806,249,models\SP model_03_+Fy_+Fz.gwb,C08
315,-3248.848927734375,2.862585197228154,5.82015797384806,249,models\SP model_03_+Fy_+Fz.gwb,C08
316,-3280.206283203125,2.7615907759071834,2.76158689226985,250,models\SP model_03_+Fy_+Fz.gwb,C07
317,-3305.9449394531252,3.89760990773731e-06,2.76158689226985,250,models\SP model_03_+Fy_+Fz.gwb,C07
318,-3248.852107421875,2.8625903564238744,2.8625898693289056,250,models\SP model_03_+Fy_+Fz.gwb,C08
319,-3274.5907636718753,7.101482052868977e-07,2.8625898693289056,250,models\SP model_03_+Fy_+Fz.gwb,C08
320,-2396.305943359375,332.32613650079537,32.847904120155945,314,models\SP model_03_+Fy_+Fz.gwb,C07
321,-2422.04459765625,299.5857971926126,32.84790412015617,314,models\SP model_03_+Fy_+Fz.gwb,C07
322,-2393.33155078125,351.0466125707877,32.11439941293336,314,models\SP model_03_+Fy_+Fz.gwb,C08
323,-2419.070205078125,318.9528659853778,32.11439941293358,314,models\SP model_03_+Fy_+Fz.gwb,C08
393,-4411.779830078125,11.871919199464772,7.65860606389761,112,models\SP model_03_+Fy_-Fz.gwb,C07
395,-4286.618134765625,11.329296811808884,7.5018219335559895,112,models\SP model_03_+Fy_-Fz.gwb,C08
396,-4411.78497265625,11.871918634144013,6.5514020955343755,113,models\SP model_03_+Fy_-Fz.gwb,C07
397,-4437.52362890625,5.555291574886952,6.5514020955343755,113,models\SP model_03_+Fy_-Fz.gwb,C07
398,-4286.6234160156255,11.329297209334525,6.252703530079756,113,models\SP model_03_+Fy_-Fz.gwb,C08
399,-4312.362072265625,5.314797902152593,6.252703530079756,113,models\SP model_03_+Fy_-Fz.gwb,C08
400,-4437.52669140625,5.5552912806444645,5.555293101294882,114,models\SP model_03_+Fy_-Fz.gwb,C07
401,-4463.26534765625,1.930074598496562e-06,5.555293101294882,114,models\SP model_03_+Fy_-Fz.gwb,C07
402,-4312.362744140625,5.314797349851482,5.314799500130087,114,models\SP model_03_+Fy_-Fz.gwb,C08
403,-4338.101400390625,2.320908032053509e-06,5.314799500130087,114,models\SP model_03_+Fy_-Fz.gwb,C08
461,-5176.118384613037,6.809198189805891,9.08056072995281,147,models\SP model_03_+Fy_-Fz.gwb,C07
463,-5029.387818145752,6.518547467881792,8.648375946493594,147,models\SP model_03_+Fy_-Fz.gwb,C08
464,-5176.117411956787,6.8091977088892275,6.8091977200276865,148,models\SP model_03_+Fy_-Fz.gwb,C07
465,-5201.856068206787,6.194523122115977e-07,6.8091977200276865,148,models\SP model_03_+Fy_-Fz.gwb,C07
466,-5029.3888203125,6.518546515247056,6.518546007717403,148,models\SP model_03_+Fy_-Fz.gwb,C08
467,-5055.1274765625,8.821504208956595e-07,6.518546007717403,148,models\SP model_03_+Fy_-Fz.gwb,C08
468,-5325.474193359375,1349.1193783479232,51.78325400859952,167,models\SP model_03_+Fy_-Fz.gwb,C07
509,-5608.604271484375,12.001530700590532,46.75830721658691,177,models\SP model_03_+Fy_-Fz.gwb,C07
511,-5447.437576171875,12.081863126587896,45.833113637341626,177,models\SP model_03_+Fy_-Fz.gwb,C08
512,-5608.59031640625,12.001532053223917,19.617612656809538,178,models\SP model_03_+Fy_-Fz.gwb,C07
514,-5447.427701171875,12.081864634983317,19.63426548950286,178,models\SP model_03_+Fy_-Fz.gwb,C08
517,-5660.084060546875,23.469005166717608,3.753498664769271,179,models\SP model_03_+Fy_-Fz.gwb,C07
520,-5660.07709375,23.469003412773976,7.204204979183493,180,models\SP model_03_+Fy_-Fz.gwb,C07
521,-5685.81575,16.350504364968764,7.204204979183493,180,models\SP model_03_+Fy_-Fz.gwb,C07
524,-5685.807568359375,16.350510207397964,9.44985307956845,181,models\SP model_03_+Fy_-Fz.gwb,C07
525,-5711.546224609375,6.905797007072189,9.44985307956845,181,models\SP model_03_+Fy_-Fz.gwb,C07
527,-5550.381919921875,6.599303571693062,8.949293874459828,181,models\SP model_03_+Fy_-Fz.gwb,C08
528,-5711.55712890625,6.905795906786578,6.905795588652176,182,models\SP model_03_+Fy_-Fz.gwb,C07
529,-5737.2957851562505,6.280101132677221e-07,6.905795588652176,182,models\SP model_03_+Fy_-Fz.gwb,C07
530,-5550.392544921875,6.599301261148512,6.599301092002361,182,models\SP model_03_+Fy_-Fz.gwb,C08
531,-5576.131201171876,1.3594178134558022e-06,6.599301092002361,182,models\SP model_03_+Fy_-Fz.gwb,C08
577,-5000.005724609375,11.578631068443183,25.68181422016907,212,models\SP model_03_+Fy_-Fz.gwb,C07
579,-4872.312005859375,10.17598501664691,25.339036814003617,212,models\SP model_03_+Fy_-Fz.gwb,C08
580,-5000.0112167968755,11.578632429482434,7.1831711585643045,213,models\SP model_03_+Fy_-Fz.gwb,C07
582,-4872.315107421875,10.175988245492675,7.320470152397397,213,models\SP model_03_+Fy_-Fz.gwb,C08
587,-4923.789654296875,13.160001371978979,3.4960241851135194,214,models\SP model_03_+Fy_-Fz.gwb,C08
589,-5077.218404296875,6.219983272422567,7.650188567718592,215,models\SP model_03_+Fy_-Fz.gwb,C07
590,-4923.783638671875,13.160000579775028,7.221516345428378,215,models\SP model_03_+Fy_-Fz.gwb,C08
591,-4949.522294921875,5.943787362599039,7.221516345428378,215,models\SP model_03_+Fy_-Fz.gwb,C08
592,-5077.226568359375,6.2199852255005235,6.219986312767838,216,models\SP model_03_+Fy_-Fz.gwb,C07
593,-5102.965224609375,1.328166802881235e-06,6.219986312767838,216,models\SP model_03_+Fy_-Fz.gwb,C07
594,-4949.530740234375,5.943789593641899,5.943791076193446,216,models\SP model_03_+Fy_-Fz.gwb,C08
595,-4975.269396484375,1.7947342773426783e-06,5.943791076193446,216,models\SP model_03_+Fy_-Fz.gwb,C08
645,-3797.1948154296874,12.684554377406945,17.000054265388876,247,models\SP model_03_+Fy_-Fz.gwb,C07
647,-3724.2461279296876,11.877596287334901,16.6860185102172,247,models\SP model_03_+Fy_-Fz.gwb,C08
648,-3797.2031279296875,12.684547509062043,5.465226481923392,248,models\SP model_03_+Fy_-Fz.gwb,C07
649,-3822.9417841796876,10.967597025180694,5.465226481923392,248,models\SP model_03_+Fy_-Fz.gwb,C07
650,-3724.2542998046874,11.877590308906946,5.285334008661401,248,models\SP model_03_+Fy_-Fz.gwb,C08
651,-3749.9929560546875,10.403054173744472,5.285334008661401,248,models\SP model_03_+Fy_-Fz.gwb,C08
652,-3822.9407998046877,10.967603302909675,5.714971204499643,249,models\SP model_03_+Fy_-Fz.gwb,C07
653,-3848.6794560546878,5.397403911932871,5.714971204499643,249,models\SP model_03_+Fy_-Fz.gwb,C07
654,-3749.9919716796876,10.403057110144712,5.38695864103737,249,models\SP model_03_+Fy_-Fz.gwb,C08
655,-3775.7306279296877,5.159611843568613,5.38695864103737,249,models\SP model_03_+Fy_-Fz.gwb,C08
656,-3848.6769638671876,5.39739798984588,5.397400169279429,250,models\SP model_03_+Fy_-Fz.gwb,C07
657,-3874.4156201171877,2.8373550042828882e-06,5.397400169279429,250,models\SP model_03_+Fy_-Fz.gwb,C07
658,-3775.7279951171877,5.159606301853833,5.1596072929956165,250,models\SP model_03_+Fy_-Fz.gwb,C08
659,-3801.4666513671878,2.312315869955571e-06,5.1596072929956165,250,models\SP model_03_+Fy_-Fz.gwb,C08
669,-5325.48009375,1349.1199818409063,30.398981965940408,322,models\SP model_03_+Fy_-Fz.gwb,C07
680,-2376.735171875,321.84263830361266,38.21530734162978,99,models\SP model_03_-Fy_+Fz.gwb,C07
681,-2402.4738203125003,283.6783424095626,38.21530734162978,99,models\SP model_03_-Fy_+Fz.gwb,C07
682,-2380.888962890625,337.413114773491,38.49127904757867,99,models\SP model_03_-Fy_+Fz.gwb,C08
683,-2406.627611328125,298.93143548573994,38.49127904757867,99,models\SP model_03_-Fy_+Fz.gwb,C08
684,-2402.45627734375,283.678297800186,41.46061648875234,100,models\SP model_03_-Fy_+Fz.gwb,C07
685,-2428.19493359375,242.25160181279514,41.46061648875234,100,models\SP model_03_-Fy_+Fz.gwb,C07
686,-2406.612458984375,298.93157217479194,42.39032988256211,100,models\SP model_03_-Fy_+Fz.gwb,C08
687,-2432.351115234375,256.54747094475744,42.39032988256211,100,models\SP model_03_-Fy_+Fz.gwb,C08
688,-2428.20107421875,242.25138466980496,42.56431254322371,101,models\SP model_03_-Fy_+Fz.gwb,C07
689,-2453.93973046875,199.71376623991702,42.56431254322371,101,models\SP model_03_-Fy_+Fz.gwb,C07
690,-2432.352787109375,256.5472871535508,43.939344377208194,101,models\SP model_03_-Fy_+Fz.gwb,C08
691,-2458.0914433593753,212.61275985074,43.939344377208194,101,models\SP model_03_-Fy_+Fz.gwb,C08
692,-2453.937234375,199.7137145200772,42.243270392201815,102,models\SP model_03_-Fy_+Fz.gwb,C07
693,-2479.6758828125003,157.49566948913542,42.243270392201815,102,models\SP model_03_-Fy_+Fz.gwb,C07
694,-2458.090884765625,212.6126274527128,43.90312095050925,102,models\SP model_03_-Fy_+Fz.gwb,C08
695,-2483.8295332031253,168.71396070125905,43.90312095050925,102,models\SP model_03_-Fy_+Fz.gwb,C08
696,-2479.67648046875,157.49562363245698,41.08928679355354,103,models\SP model_03_-Fy_+Fz.gwb,C07
698,-2483.832521484375,168.71389247833665,42.91524091969828,103,models\SP model_03_-Fy_+Fz.gwb,C08
709,-2582.6305585937503,4.771793097740549,36.70275869187348,106,models\SP model_03_-Fy_+Fz.gwb,C07
711,-2586.786740234375,6.0135080407528125,38.63210421224474,106,models\SP model_03_-Fy_+Fz.gwb,C08
712,-2582.63276171875,4.771781236792292,18.621384494243316,107,models\SP model_03_-Fy_+Fz.gwb,C07
714,-2586.786412109375,6.0135025999883975,20.16948988999029,107,models\SP model_03_-Fy_+Fz.gwb,C08
729,-2711.32412109375,11.73918834349866,5.743806540865072,111,models\SP model_03_-Fy_+Fz.gwb,C07
731,-2715.478083984375,11.918688957677462,5.604355130784086,111,models\SP model_03_-Fy_+Fz.gwb,C08
732,-2711.33048046875,11.739188548518868,5.367667201735811,112,models\SP model_03_-Fy_+Fz.gwb,C07
733,-2737.06913671875,6.372503424008026,5.367667201735811,112,models\SP model_03_-Fy_+Fz.gwb,C07
734,-2715.484130859375,11.918687451852747,5.38416919484916,112,models\SP model_03_-Fy_+Fz.gwb,C08
735,-2741.222787109375,6.534715185958026,5.38416919484916,112,models\SP model_03_-Fy_+Fz.gwb,C08
736,-2737.06558984375,6.372503634792491,4.099709097378135,113,models\SP model_03_-Fy_+Fz.gwb,C07
737,-2762.80424609375,2.2729753882410035,4.099709097378135,113,models\SP model_03_-Fy_+Fz.gwb,C07
738,-2741.219662109375,6.5347176891731,4.184443978365849,113,models\SP model_03_-Fy_+Fz.gwb,C08
739,-2766.958318359375,2.350308732863649,4.184443978365849,113,models\SP model_03_-Fy_+Fz.gwb,C08
740,-2762.7997617187502,2.2729745206497114,2.2729757758034235,114,models\SP model_03_-Fy_+Fz.gwb,C07
741,-2788.53841796875,5.0052963438480165e-06,2.2729757758034235,114,models\SP model_03_-Fy_+Fz.gwb,C07
742,-2766.955943359375,2.3503050411620423,2.3503051589900794,114,models\SP model_03_-Fy_+Fz.gwb,C08
743,-2792.694599609375,2.2230417994456675e-06,2.3503051589900794,114,models\SP model_03_-Fy_+Fz.gwb,C08
793,-3180.6124611206055,13.164396106988896,7.019118969982851,145,models\SP model_03_-Fy_+Fz.gwb,C07
795,-3181.2830407714846,13.65496506678412,7.071624998094111,145,models\SP model_03_-Fy_+Fz.gwb,C08
796,-3180.6068383178713,13.164389458097643,6.177209575645072,146,models\SP model_03_-Fy_+Fz.gwb,C07
797,-3206.3454945678714,6.998909617178488,6.177209575645072,146,models\SP model_03_-Fy_+Fz.gwb,C07
798,-3181.27741796875,13.654964307853767,6.3483879650671104,146,models\SP model_03_-Fy_+Fz.gwb,C08
799,-3207.01607421875,7.316361035115241,6.3483879650671104,146,models\SP model_03_-Fy_+Fz.gwb,C08
800,-3206.3495353393555,6.998909722322779,4.546635236380419,147,models\SP model_03_-Fy_+Fz.gwb,C07
801,-3232.0881915893556,2.454598486529178,4.546635236380419,147,models\SP model_03_-Fy_+Fz.gwb,C07
802,-3207.0199782714844,7.316363140229147,4.735484927078406,147,models\SP model_03_-Fy_+Fz.gwb,C08
803,-3232.7586345214845,2.5827642269946023,4.735484927078406,147,models\SP model_03_-Fy_+Fz.gwb,C08
804,-3232.0868673706054,2.4545987652472068,2.4546004574020555,148,models\SP model_03_-Fy_+Fz.gwb,C07
805,-3257.8255236206055,1.631953867028318e-06,2.4546004574020555,148,models\SP model_03_-Fy_+Fz.gwb,C07
806,-3232.75519921875,2.582763652017879,2.58276269769228,148,models\SP model_03_-Fy_+Fz.gwb,C08
807,-3258.49385546875,2.321588951154778e-06,2.58276269769228,148,models\SP model_03_-Fy_+Fz.gwb,C08
861,-3552.830359375,7.263411636834063,6.732419173733771,180,models\SP model_03_-Fy_+Fz.gwb,C07
863,-3549.83216015625,7.700540284442849,7.022650115873962,180,models\SP model_03_-Fy_+Fz.gwb,C08
864,-3552.828638671875,7.263411527859364,4.766632008703418,181,models\SP model_03_-Fy_+Fz.gwb,C07
865,-3578.567294921875,2.503658805193751,4.766632008703418,181,models\SP model_03_-Fy_+Fz.gwb,C07
866,-3549.82805078125,7.700538704777487,5.035431610811291,181,models\SP model_03_-Fy_+Fz.gwb,C08
867,-3575.56670703125,2.671472093343124,5.035431610811291,181,models\SP model_03_-Fy_+Fz.gwb,C08
868,-3578.567375,2.5036584796514636,2.5036629153443295,182,models\SP model_03_-Fy_+Fz.gwb,C07
869,-3604.30603125,5.178946175595656e-06,2.5036629153443295,182,models\SP model_03_-Fy_+Fz.gwb,C07
870,-3575.56692578125,2.671469017660117,2.6714715640363793,182,models\SP model_03_-Fy_+Fz.gwb,C08
871,-3601.30558203125,3.3533849929092557e-06,2.6714715640363793,182,models\SP model_03_-Fy_+Fz.gwb,C08
925,-3577.41059375,8.37827641732429,8.26895877284736,214,models\SP model_03_-Fy_+Fz.gwb,C07
927,-3554.4203359375,8.699343383685498,8.430073063735067,214,models\SP model_03_-Fy_+Fz.gwb,C08
928,-3577.4046562500002,8.378273657195212,5.579463623574638,215,models\SP model_03_-Fy_+Fz.gwb,C07
929,-3603.1433125,2.809228786690298,5.579463623574638,215,models\SP model_03_-Fy_+Fz.gwb,C07
930,-3554.4122890625,8.699339509490619,5.767699677416486,215,models\SP model_03_-Fy_+Fz.gwb,C08
931,-3580.1509453125,2.942060764717212,5.767699677416486,215,models\SP model_03_-Fy_+Fz.gwb,C08
932,-3603.149576171875,2.8092259596271263,2.809229513198782,216,models\SP model_03_-Fy_+Fz.gwb,C07
933,-3628.8882324218753,3.3670327252972583e-06,2.809229513198782,216,models\SP model_03_-Fy_+Fz.gwb,C07
934,-3580.1566484375003,2.942060549870718,2.942062038786665,216,models\SP model_03_-Fy_+Fz.gwb,C08
935,-3605.8953046875,1.3016488363731983e-06,2.942062038786665,216,models\SP model_03_-Fy_+Fz.gwb,C08
989,-3350.022947265625,8.511499741274786,8.62480396779656,248,models\SP model_03_-Fy_+Fz.gwb,C07
991,-3303.630078125,8.699473137833403,8.649622034166498,248,models\SP model_03_-Fy_+Fz.gwb,C08
992,-3350.035154296875,8.511501600652391,5.691164194632108,249,models\SP model_03_-Fy_+Fz.gwb,C07
993,-3375.773810546875,2.8446660905562684,5.691164194632108,249,models\SP model_03_-Fy_+Fz.gwb,C07
994,-3303.64284375,8.699477201207861,5.788982723372751,249,models\SP model_03_-Fy_+Fz.gwb,C08
995,-3329.3815,2.9351604189616705,5.788982723372751,249,models\SP model_03_-Fy_+Fz.gwb,C08
996,-3375.761234375,2.8446681632641946,2.8446663758054984,250,models\SP model_03_-Fy_+Fz.gwb,C07
997,-3401.4998906250003,1.8581088426471719e-06,2.8446663758054984,250,models\SP model_03_-Fy_+Fz.gwb,C07
998,-3329.368642578125,2.93516288606869,2.935162652407338,250,models\SP model_03_-Fy_+Fz.gwb,C08
999,-3355.1072988281253,6.739564690210611e-07,2.935162652407338,250,models\SP model_03_-Fy_+Fz.gwb,C08
1000,-2350.984666015625,353.7504742450991,31.999634127718533,314,models\SP model_03_-Fy_+Fz.gwb,C07
1001,-2376.7233203125,321.8430974712601,31.999634127718753,314,models\SP model_03_-Fy_+Fz.gwb,C07
1002,-2355.13859765625,368.74862720049515,31.35311410312291,314,models\SP model_03_-Fy_+Fz.gwb,C08
1003,-2380.877251953125,337.4135413184839,31.353114103123126,314,models\SP model_03_-Fy_+Fz.gwb,C08
1075,-4248.37573828125,13.367019611907189,8.168944854653299,112,models\SP model_03_-Fy_-Fz.gwb,C08
1077,-4392.14644140625,6.335732314689601,7.8495917143544585,113,models\SP model_03_-Fy_-Fz.gwb,C07
1078,-4248.379193359375,13.367023158517746,7.50568520524871,113,models\SP model_03_-Fy_-Fz.gwb,C08
1079,-4274.117849609375,6.062021223775176,7.50568520524871,113,models\SP model_03_-Fy_-Fz.gwb,C08
1080,-4392.1409277343755,6.335729766191729,6.335731895747436,114,models\SP model_03_-Fy_-Fz.gwb,C07
1081,-4417.879583984375,2.3451271638867696e-06,6.335731895747436,114,models\SP model_03_-Fy_-Fz.gwb,C07
1082,-4274.110365234375,6.062017662343912,6.0620190510875664,114,models\SP model_03_-Fy_-Fz.gwb,C08
1083,-4299.849021484375,1.455961042156629e-06,6.0620190510875664,114,models\SP model_03_-Fy_-Fz.gwb,C08
1141,-5176.990983673096,6.9626679079425955,9.333031079150977,147,models\SP model_03_-Fy_-Fz.gwb,C07
1143,-5030.127932403565,6.648737779611499,8.863969193680195,147,models\SP model_03_-Fy_-Fz.gwb,C08
1144,-5176.980237579346,6.962674855335141,6.962675236016896,148,models\SP model_03_-Fy_-Fz.gwb,C07
1145,-5202.718893829346,1.1132975815118777e-06,6.962675236016896,148,models\SP model_03_-Fy_-Fz.gwb,C07
1146,-5030.1197175598145,6.64874195053336,6.648741458171496,148,models\SP model_03_-Fy_-Fz.gwb,C08
1147,-5055.858373809814,1.7846990460536555e-06,6.648741458171496,148,models\SP model_03_-Fy_-Fz.gwb,C08
1148,-5376.579287109375,1378.189893243273,54.34743390228382,167,models\SP model_03_-Fy_-Fz.gwb,C07
1189,-5659.711341796875,12.980741949389937,47.166699225606585,177,models\SP model_03_-Fy_-Fz.gwb,C07
1191,-5490.50533984375,12.830695480406005,46.174845414623164,177,models\SP model_03_-Fy_-Fz.gwb,C08
1192,-5659.710404296875,12.980744637292247,19.637982468181498,178,models\SP model_03_-Fy_-Fz.gwb,C07
1193,-5685.449060546875,23.466726621290594,19.637982468181498,178,models\SP model_03_-Fy_-Fz.gwb,C07
1194,-5490.50665234375,12.83069483865259,19.651454768488648,178,models\SP model_03_-Fy_-Fz.gwb,C08
1196,-5685.447095703125,23.466731162074733,3.8214465748680237,179,models\SP model_03_-Fy_-Fz.gwb,C07
1197,-5711.185751953125,24.23149380235135,3.8214465748680237,179,models\SP model_03_-Fy_-Fz.gwb,C07
1200,-5711.18388671875,24.231493117688817,7.537512317012133,180,models\SP model_03_-Fy_-Fz.gwb,C07
1201,-5736.92254296875,16.784862369264925,7.537512317012133,180,models\SP model_03_-Fy_-Fz.gwb,C07
1204,-5736.937216796875,16.784863622802142,9.723011315598933,181,models\SP model_03_-Fy_-Fz.gwb,C07
1205,-5762.6758730468755,7.067451452908314,9.723011315598933,181,models\SP model_03_-Fy_-Fz.gwb,C07
1207,-5593.4721210937505,6.73616826539827,9.181708305874187,181,models\SP model_03_-Fy_-Fz.gwb,C08
1208,-5762.663498046875,7.067452620640951,7.067452668818979,182,models\SP model_03_-Fy_-Fz.gwb,C07
1209,-5788.402154296875,1.7873265440191082e-06,7.067452668818979,182,models\SP model_03_-Fy_-Fz.gwb,C07
1210,-5593.45749609375,6.736169845780471,6.736170405988662,182,models\SP model_03_-Fy_-Fz.gwb,C08
1211,-5619.19615234375,2.4931435097225357e-06,6.736170405988662,182,models\SP model_03_-Fy_-Fz.gwb,C08
1257,-5081.209966796875,12.029505882386138,25.832462043326174,212,models\SP model_03_-Fy_-Fz.gwb,C07
1259,-4940.73776171875,10.546029697172818,25.464806030667347,212,models\SP model_03_-Fy_-Fz.gwb,C08
1260,-5081.214119140625,12.029502716660426,7.0710749111187035,213,models\SP model_03_-Fy_-Fz.gwb,C07
1262,-4940.7440273437505,10.54603106179404,7.224952618795604,213,models\SP model_03_-Fy_-Fz.gwb,C08
1267,-4992.21315234375,13.432976721442872,3.618779958171033,214,models\SP model_03_-Fy_-Fz.gwb,C08
1269,-5158.437056640625,6.350415299507963,7.842087849474171,215,models\SP model_03_-Fy_-Fz.gwb,C07
1270,-4992.22605859375,13.43298000423297,7.383688184096595,215,models\SP model_03_-Fy_-Fz.gwb,C08
1271,-5017.96471484375,6.053952683549673,7.383688184096595,215,models\SP model_03_-Fy_-Fz.gwb,C08
1272,-5158.431373046875,6.350417082620307,6.350416961812572,216,models\SP model_03_-Fy_-Fz.gwb,C07
1273,-5184.170029296875,7.509855153666044e-07,6.350416961812572,216,models\SP model_03_-Fy_-Fz.gwb,C07
1274,-5017.95930859375,6.053955619989579,6.053955595151202,216,models\SP model_03_-Fy_-Fz.gwb,C08
1275,-5043.69796484375,7.869573683362378e-07,6.053955595151202,216,models\SP model_03_-Fy_-Fz.gwb,C08
1321,-3867.040744140625,12.24035077377405,38.412789406009054,246,models\SP model_03_-Fy_-Fz.gwb,C07
1323,-3779.052814453125,11.979933131189117,37.43706769786139,246,models\SP model_03_-Fy_-Fz.gwb,C08
1324,-3867.0431425781253,12.240351099683759,16.236184303964972,247,models\SP model_03_-Fy_-Fz.gwb,C07
1325,-3892.781798828125,11.097572816732306,16.236184303964972,247,models\SP model_03_-Fy_-Fz.gwb,C07
1326,-3779.054931640625,11.979933392430942,15.954190375444663,247,models\SP model_03_-Fy_-Fz.gwb,C08
1327,-3804.793587890625,10.254927806135314,15.954190375444663,247,models\SP model_03_-Fy_-Fz.gwb,C08
1328,-3892.774666015625,11.097575132986186,3.5597161941204423,248,models\SP model_03_-Fy_-Fz.gwb,C07
1329,-3918.513322265625,11.155888157176047,3.5597161941204423,248,models\SP model_03_-Fy_-Fz.gwb,C07
1330,-3804.786173828125,10.254924905634578,3.4600318399269585,248,models\SP model_03_-Fy_-Fz.gwb,C08
1331,-3830.524830078125,10.555203654602478,3.4600318399269585,248,models\SP model_03_-Fy_-Fz.gwb,C08
1332,-3918.519689453125,11.155884207486467,5.586740185998125,249,models\SP model_03_-Fy_-Fz.gwb,C07
1333,-3944.258345703125,5.628088598073775,5.586740185998125,249,models\SP model_03_-Fy_-Fz.gwb,C07
1334,-3830.531759765625,10.555204512092596,5.242404729113056,249,models\SP model_03_-Fy_-Fz.gwb,C08
1335,-3856.270416015625,5.369762171769426,5.242404729113056,249,models\SP model_03_-Fy_-Fz.gwb,C08
1336,-3944.252728515625,5.628091886624404,5.628094355598253,250,models\SP model_03_-Fy_-Fz.gwb,C07
1337,-3969.9913847656253,2.56293366049608e-06,5.628094355598253,250,models\SP model_03_-Fy_-Fz.gwb,C07
1338,-3856.264095703125,5.369764769352979,5.369766496456891,250,models\SP model_03_-Fy_-Fz.gwb,C08
1339,-3882.002751953125,1.8574862959231153e-06,5.369766496456891,250,models\SP model_03_-Fy_-Fz.gwb,C08
1348,-5350.845046875,1360.6636743179672,30.65372099050681,322,models\SP model_03_-Fy_-Fz.gwb,C07
1349,-5376.583701171875,1378.1899390556998,30.65372099050924,322,models\SP model_03_-Fy_-Fz.gwb,C07
